,52w_high_proximity,accruals,ivol_20d,momentum_2_12,piotroski_f_score,profitability
52w_high_proximity,1.0,0.3496314869418506,0.9936807675702102,0.9982180496793867,0.9571638587850917,0.5687892095519983
accruals,0.3496314869418506,1.0,0.34646044700435924,0.3561961819017917,0.3615062174895196,0.28054035137146044
ivol_20d,0.9936807675702102,0.34646044700435924,1.0,0.9919964131213727,0.9515091888159191,0.5626198221341908
momentum_2_12,0.9982180496793867,0.3561961819017917,0.9919964131213727,1.0,0.9562301360457367,0.5692244943198292
piotroski_f_score,0.9571638587850917,0.3615062174895196,0.9515091888159191,0.9562301360457367,1.0,0.5928032769777367
profitability,0.5687892095519983,0.28054035137146044,0.5626198221341908,0.5692244943198292,0.5928032769777367,1.0
