{
  "factor_name": "high_52w",
  "gate_results": {
    "G0": false,
    "G1": false,
    "G2": false,
    "G3": false,
    "G4": false,
    "G5": true
  },
  "gate_metrics": {
    "G0_value": -1.229081288836479,
    "G1_value": 1.0,
    "G2_value": -0.0054531194609347905,
    "G3_value": -0.023363446360345694,
    "G4_value": -0.6066531440875367,
    "G5_value": 1.0
  },
  "passed_all": false
}