,52w_high_proximity,accruals,ivol_20d,momentum_2_12,piotroski_f_score,profitability
52w_high_proximity,1.0,0.005139039902433781,0.3356458185438769,0.5482441155799976,0.12406950899571823,0.07707914298957044
accruals,0.005139039902433781,1.0,-0.07708842459625724,0.015839002713359304,0.21122817033300598,0.348196349879212
ivol_20d,0.3356458185438769,-0.07708842459625724,1.0,0.040892154571733265,0.06374382023447185,-0.034625805114792824
momentum_2_12,0.5482441155799976,0.015839002713359304,0.040892154571733265,1.0,0.1634027561813612,0.1326696623504532
piotroski_f_score,0.12406950899571823,0.21122817033300598,0.06374382023447185,0.1634027561813612,1.0,0.2995046119110459
profitability,0.07707914298957044,0.348196349879212,-0.034625805114792824,0.1326696623504532,0.2995046119110459,1.0
