,52w_high_proximity,accruals,ivol_20d,momentum_2_12,piotroski_f_score,profitability
52w_high_proximity,1.0,0.6953237572071201,0.8326740807959468,0.8136683540881972,0.8204312773075862,0.7934061769909746
accruals,0.6953237572071201,1.0,0.8007542120299691,0.7589889695353681,0.8498254989674827,0.8500777651860811
ivol_20d,0.8326740807959468,0.8007542120299691,1.0,0.7994859190928877,0.9220019335172958,0.8621307873585203
momentum_2_12,0.8136683540881972,0.7589889695353681,0.7994859190928877,1.0,0.878734664263077,0.8207785491800549
piotroski_f_score,0.8204312773075862,0.8498254989674827,0.9220019335172958,0.878734664263077,1.0,0.9325877005332373
profitability,0.7934061769909746,0.8500777651860811,0.8621307873585203,0.8207785491800549,0.9325877005332373,1.0
