{
  "factor_name": "piotroski",
  "gate_results": {
    "G0": false,
    "G1": true,
    "G2": false,
    "G3": false,
    "G4": true,
    "G5": true
  },
  "gate_metrics": {
    "G0_value": 0.03853480955626958,
    "G1_value": 0.001996007984031936,
    "G2_value": 0.00899319098058753,
    "G3_value": 0.08923960949444396,
    "G4_value": -0.2161619309899081,
    "G5_value": 1.0
  },
  "passed_all": false
}